{
  "team_slug_mapping": {
    "Abilene Christian": "abilene-christian",
    "Air Force": "air-force",
    "Akron": "akron",
    "Alabama": "alabama",
    "Alabama A&M": "alabama-am",
    "Alabama State": "alabama-state",
    "Albany (NY)": "albany-ny",
    "Alcorn State": "alcorn-state",
    "Allegheny Gators": "allegheny",
    "American": "american",
    "Amherst Lord Jeffs": "amherst",
    "Appalachian State": "appalachian-state",
    "Arizona": "arizona",
    "Arizona State": "arizona-state",
    "Arkansas": "arkansas",
    "Arkansas State": "arkansas-state",
    "Arkansas-Pine Bluff": "arkansas-pine-bluff",
    "Armstrong Pirates": "armstrong",
    "Army": "army",
    "Auburn": "auburn",
    "Augusta Jaguars": "augusta-state",
    "Augustana (IL) Vikings": "augustana-il",
    "Austin Peay": "austin-peay",
    "Baker": "baker",
    "Baldwin-Wallace Yellow Jackets": "baldwin-wallace",
    "Ball State": "ball-state",
    "Baltimore Super Bees": "baltimore",
    "Baylor": "baylor",
    "Bellarmine": "bellarmine",
    "Belmont": "belmont",
    "Beloit Buccaneers": "beloit",
    "Bethune-Cookman": "bethune-cookman",
    "Binghamton": "binghamton",
    "Birmingham-Southern Panthers": "birmingham-southern",
    "Bloomsburg Huskies": "bloomsburg",
    "Boise State": "boise-state",
    "Boston College": "boston-college",
    "Boston University": "boston-university",
    "Boston University Men": "boston-university",
    "Bowling Green": "bowling-green-state",
    "Bradley": "bradley",
    "Brigham Young": "brigham-young",
    "Brigham Young College": "brigham-young-college",
    "Brooklyn Bulldogs": "brooklyn",
    "Brown": "brown",
    "Bryant": "bryant",
    "Bucknell": "bucknell",
    "Buffalo": "buffalo",
    "Butler": "butler",
    "Cal Poly": "cal-poly",
    "Cal State Bakersfield": "cal-state-bakersfield",
    "Cal State Fullerton": "cal-state-fullerton",
    "Cal State Los Angeles Golden Eagles": "cal-state-los-angeles",
    "Cal State Northridge": "cal-state-northridge",
    "California": "california",
    "California Baptist": "california-baptist",
    "Campbell": "campbell",
    "Canisius": "canisius",
    "Canterbury College": "central-normal-college",
    "Carleton Knights": "carleton-college",
    "Carnegie Mellon Tartans": "carnegie-mellon",
    "Case Western Reserve Spartans": "case-western-reserve",
    "Catholic Cardinals": "catholic",
    "Centenary (LA) Gents": "centenary-la",
    "Central Arkansas": "central-arkansas",
    "Central Connecticut State": "central-connecticut-state",
    "Central Michigan": "central-michigan",
    "Central Missouri Mules": "central-missouri",
    "Central Pennsylvania College Knights": "central-pennsylvania-college",
    "Centre (KY) Colonels": "centre-ky",
    "Charleston Southern": "charleston-southern",
    "Charlotte": "charlotte",
    "Chattanooga": "chattanooga",
    "Cheyenne Business College": "cheyenne-business-college",
    "Chicago Maroons": "chicago",
    "Chicago State": "chicago-state",
    "Cincinnati": "cincinnati",
    "City College of New York Beavers": "city-college-of-new-york",
    "Clemson": "clemson",
    "Cleveland State": "cleveland-state",
    "Coastal Carolina": "coastal-carolina",
    "Colgate": "colgate",
    "College of Charleston": "college-of-charleston",
    "College of New Jersey Lions": "college-of-new-jersey",
    "Colorado": "colorado",
    "Colorado College Tigers": "colorado-college",
    "Colorado School of Mines Orediggers": "colorado-school-of-mines",
    "Colorado State": "colorado-state",
    "Columbia": "columbia",
    "Concordia Seminary Preachers": "concordia-seminary",
    "Connecticut": "connecticut",
    "Coppin State": "coppin-state",
    "Cornell": "cornell",
    "Cotner College": "cotner-university",
    "Creighton": "creighton",
    "Cumberland (TN)": "cumberland",
    "Dakota Wesleyan Tigers": "dakota-wesleyan",
    "Dartmouth": "dartmouth",
    "Davidson": "davidson",
    "Dayton": "dayton",
    "DePaul": "depaul",
    "DePauw Tigers": "depauw",
    "Delaware": "delaware",
    "Delaware State": "delaware-state",
    "Denison Big Red": "denison",
    "Denver": "denver",
    "Detroit Mercy": "detroit-mercy",
    "Dickinson College Red Devils": "dickinson-college",
    "Drake": "drake",
    "Drexel": "drexel",
    "Duke": "duke",
    "Duquesne": "duquesne",
    "East Carolina": "east-carolina",
    "East Central Tigers": "east-central",
    "East Tennessee State": "east-tennessee-state",
    "East Texas A&M": "texas-am-commerce",
    "Eastern Illinois": "eastern-illinois",
    "Eastern Kentucky": "eastern-kentucky",
    "Eastern Michigan": "eastern-michigan",
    "Eastern Washington": "eastern-washington",
    "Elon": "elon",
    "Emporia State Hornets": "emporia-state",
    "Ensign College": "latter-day-saints-university",
    "Evansville": "evansville",
    "FDU": "fairleigh-dickinson",
    "Fairfield": "fairfield",
    "Florida": "florida",
    "Florida A&M": "florida-am",
    "Florida Atlantic": "florida-atlantic",
    "Florida Gulf Coast": "florida-gulf-coast",
    "Florida International": "florida-international",
    "Florida State": "florida-state",
    "Fordham": "fordham",
    "Franklin Grizzlies": "franklin",
    "Fresno State": "fresno-state",
    "Furman": "furman",
    "Gardner-Webb": "gardner-webb",
    "Geneva Golden Tornadoes": "geneva",
    "George Mason": "george-mason",
    "George Washington": "george-washington",
    "Georgetown": "georgetown",
    "Georgia": "georgia",
    "Georgia Southern": "georgia-southern",
    "Georgia State": "georgia-state",
    "Georgia Tech": "georgia-tech",
    "Gettysburg Bullets": "gettysburg",
    "Gonzaga": "gonzaga",
    "Grambling": "grambling",
    "Grand Canyon": "grand-canyon",
    "Green Bay": "green-bay",
    "Grinnell Pioneers": "grinnell",
    "Grove City Wolverines": "grove-city",
    "Hamline Pipers": "hamline",
    "Hampton": "hampton",
    "Hardin-Simmons Cowboys": "hardin-simmons",
    "Hartford Hawks": "hartford",
    "Harvard": "harvard",
    "Haskell (KS) Fighting Indians": "haskell-indian-nations-institute",
    "Hawaii": "hawaii",
    "High Point": "high-point",
    "Hiram Terriers": "hiram",
    "Hofstra": "hofstra",
    "Holy Cross": "holy-cross",
    "Hope Flying Dutchmen": "hope",
    "Houston": "houston",
    "Houston Christian": "houston-baptist",
    "Houston Men": "houston",
    "Howard": "howard",
    "IU Indy": "iupui",
    "Idaho": "idaho",
    "Idaho State": "idaho-state",
    "Illinois": "illinois",
    "Illinois State": "illinois-state",
    "Illinois Wesleyan Titans": "illinois-wesleyan",
    "Illinois-Chicago": "illinois-chicago",
    "Incarnate Word": "incarnate-word",
    "Indiana": "indiana",
    "Indiana State": "indiana-state",
    "Iona": "iona",
    "Iowa": "iowa",
    "Iowa State": "iowa-state",
    "Jackson State": "jackson-state",
    "Jacksonville": "jacksonville",
    "Jacksonville State": "jacksonville-state",
    "James Madison": "james-madison",
    "John Carroll Blue Streaks": "john-carroll",
    "Kalamazoo Hornets": "kalamazoo",
    "Kansas": "kansas",
    "Kansas City": "missouri-kansas-city",
    "Kansas State": "kansas-state",
    "Kennesaw State": "kennesaw-state",
    "Kent State": "kent-state",
    "Kentucky": "kentucky",
    "Kentucky Wesleyan Panthers": "kentucky-wesleyan",
    "La Salle": "la-salle",
    "Lafayette": "lafayette",
    "Lake Forest Foresters": "lake-forest",
    "Lamar": "lamar",
    "Lawrence Tech": "lawrence-tech",
    "Le Moyne": "le-moyne",
    "Lehigh": "lehigh",
    "Lewis Flyers": "lewis",
    "Liberty": "liberty",
    "Lindenwood": "lindenwood",
    "Lipscomb": "lipscomb",
    "Little Rock": "arkansas-little-rock",
    "Long Beach State": "long-beach-state",
    "Long Island University": "long-island-university",
    "Longwood": "longwood",
    "Louisiana": "louisiana-lafayette",
    "Louisiana State": "louisiana-state",
    "Louisiana Tech": "louisiana-tech",
    "Louisiana-Monroe": "louisiana-monroe",
    "Louisville": "louisville",
    "Loyola (IL)": "loyola-il",
    "Loyola (LA) Wolfpack": "loyola-la",
    "Loyola (MD)": "loyola-md",
    "Loyola Marymount": "loyola-marymount",
    "Macalester Scots": "macalester",
    "Maine": "maine",
    "Manchester Spartans": "manchester",
    "Manhattan": "manhattan",
    "Marietta Pioneers": "marietta",
    "Marist": "marist",
    "Marquette": "marquette",
    "Marshall": "marshall",
    "Maryland": "maryland",
    "Maryland-Baltimore County": "maryland-baltimore-county",
    "Maryland-Eastern Shore": "maryland-eastern-shore",
    "Massachusetts": "massachusetts",
    "Massachusetts Institute of Technology Engineers": "massachusetts-institute-of-technology",
    "Massachusetts-Lowell": "massachusetts-lowell",
    "McNeese State": "mcneese-state",
    "Memphis": "memphis",
    "Mercer": "mercer",
    "Merchant Marine Mariners": "merchant-marine-academy",
    "Mercyhurst": "mercyhurst",
    "Merrimack": "merrimack",
    "Miami (FL)": "miami-fl",
    "Miami (OH)": "miami-oh",
    "Michigan": "michigan",
    "Michigan State": "michigan-state",
    "Middle Tennessee": "middle-tennessee",
    "Millikin Big Blue": "millikin",
    "Millsaps Majors": "millsaps",
    "Milwaukee": "milwaukee",
    "Minnesota": "minnesota",
    "Minnesota A&M Aggies": "minnesota-am",
    "Mississippi": "mississippi",
    "Mississippi State": "mississippi-state",
    "Mississippi Valley State": "mississippi-valley-state",
    "Ole Miss": "mississippi",
    "Missouri": "missouri",
    "Missouri State": "missouri-state",
    "Monmouth": "monmouth",
    "Montana": "montana",
    "Montana State": "montana-state",
    "Morehead State": "morehead-state",
    "Morgan State": "morgan-state",
    "Morris Brown Wolverines": "morris-brown",
    "Mount St. Mary's": "mount-st-marys",
    "Mount Union Purple Raiders": "mount-union",
    "Muhlenberg Mules": "muhlenberg",
    "Murray State": "murray-state",
    "Muskingum Fighting Muskies": "muskingum",
    "NC State": "north-carolina-state",
    "NJIT": "njit",
    "Navy": "navy",
    "Nebraska": "nebraska",
    "Nebraska Wesleyan Prairie Wolves": "nebraska-wesleyan",
    "Nevada": "nevada",
    "Nevada-Las Vegas": "nevada-las-vegas",
    "New Hampshire": "new-hampshire",
    "New Haven": "new-haven",
    "New Mexico": "new-mexico",
    "New Mexico State": "new-mexico-state",
    "New Orleans": "new-orleans",
    "New York University Violets": "new-york-university",
    "Newberry Wolves": "newberry",
    "Niagara": "niagara",
    "Nicholls State": "nicholls-state",
    "Norfolk State": "norfolk-state",
    "North Alabama": "north-alabama",
    "North Carolina": "north-carolina",
    "North Carolina A&T": "north-carolina-at",
    "North Carolina Central": "north-carolina-central",
    "North Central (IL) Cardinals": "north-central",
    "North Dakota": "north-dakota",
    "North Dakota State": "north-dakota-state",
    "North Florida": "north-florida",
    "North Texas": "north-texas",
    "Northeastern": "northeastern",
    "Northeastern Illinois Golden Eagles": "northeastern-illinois",
    "Northern Arizona": "northern-arizona",
    "Northern Colorado": "northern-colorado",
    "Northern Illinois": "northern-illinois",
    "Northern Iowa": "northern-iowa",
    "Northern Kentucky": "northern-kentucky",
    "Northwest Missouri State Bearcats": "northwest-missouri-state",
    "Northwestern": "northwestern",
    "Northwestern Men": "northwestern",
    "Northwestern State": "northwestern-state",
    "Notre Dame": "notre-dame",
    "Oakland": "oakland",
    "Oberlin Yeomen": "oberlin",
    "Ohio": "ohio",
    "Ohio State": "ohio-state",
    "Ohio Wesleyan Battling Bishops": "ohio-wesleyan",
    "Oklahoma": "oklahoma",
    "Oklahoma City Chiefs": "oklahoma-city",
    "Oklahoma State": "oklahoma-state",
    "Old Dominion": "old-dominion",
    "Omaha": "nebraska-omaha",
    "Oral Roberts": "oral-roberts",
    "Oregon": "oregon",
    "Oregon State": "oregon-state",
    "Pacific": "pacific",
    "Penn State": "penn-state",
    "Pennsylvania": "pennsylvania",
    "Pepperdine": "pepperdine",
    "Phillips Haymakers": "phillips",
    "Pittsburg State Gorillas": "pittsburg-state",
    "Pittsburgh": "pittsburgh",
    "Portland": "portland",
    "Portland State": "portland-state",
    "Prairie View": "prairie-view",
    "Pratt Institute Cannoneers": "pratt-institute",
    "Presbyterian": "presbyterian",
    "Princeton": "princeton",
    "Providence": "providence",
    "Purdue": "purdue",
    "Purdue Fort Wayne": "ipfw",
    "Queens (NC)": "queens-nc",
    "Quinnipiac": "quinnipiac",
    "Radford": "radford",
    "Regis (CO) Rangers": "regis-co",
    "Rensselaer Engineers": "rensselaer",
    "Rhode Island": "rhode-island",
    "Rice": "rice",
    "Richmond": "richmond",
    "Rider": "rider",
    "Ripon Red Hawks": "ripon",
    "Roanoke Maroons": "roanoke",
    "Robert Morris": "robert-morris",
    "Rochester (NY) Yellowjackets": "rochester-ny",
    "Rose-Hulman Fightin' Engineers": "rose-hulman",
    "Rutgers": "rutgers",
    "SUNY Potsdam Bears": "suny-potsdam",
    "Sacramento State": "sacramento-state",
    "Sacred Heart": "sacred-heart",
    "Saint Francis (PA)": "saint-francis-pa",
    "Saint Joseph's": "saint-josephs",
    "Saint Louis": "saint-louis",
    "Saint Mary's (CA)": "saint-marys-ca",
    "Saint Peter's": "saint-peters",
    "Sam Houston": "sam-houston-state",
    "Samford": "samford",
    "San Diego": "san-diego",
    "San Diego State": "san-diego-state",
    "San Francisco": "san-francisco",
    "San Jose State": "san-jose-state",
    "Santa Clara": "santa-clara",
    "Savage School of Physical Education": "savage-school-of-physical-education",
    "Savannah State Tigers": "savannah-state",
    "Scranton Royals": "scranton",
    "Seattle": "seattle",
    "Seton Hall": "seton-hall",
    "Sewanee Tigers": "sewanee",
    "Siena": "siena",
    "South Alabama": "south-alabama",
    "South Carolina": "south-carolina",
    "South Carolina State": "south-carolina-state",
    "South Carolina Upstate": "south-carolina-upstate",
    "South Dakota": "south-dakota",
    "South Dakota State": "south-dakota-state",
    "South Florida": "south-florida",
    "Southeast Missouri State": "southeast-missouri-state",
    "Southeastern Louisiana": "southeastern-louisiana",
    "Southern": "southern",
    "Southern California": "southern-california",
    "Southern Illinois": "southern-illinois",
    "Southern Illinois-Edwardsville": "southern-illinois-edwardsville",
    "Southern Indiana": "southern-indiana",
    "Southern Methodist": "southern-methodist",
    "Southern Mississippi": "southern-mississippi",
    "Southern Utah": "southern-utah",
    "Southwestern (KS) Moundbuilders": "southwestern-ks",
    "Southwestern (TX) Pirates": "southwestern-tx",
    "Springfield Pride": "springfield",
    "St. Bonaventure": "st-bonaventure",
    "St. Francis (NY) Terriers": "st-francis-ny",
    "St. John's (NY)": "st-johns-ny",
    "St. John's College (OH)": "st-johns-college-oh",
    "St. Lawrence Saints": "st-lawrence",
    "St. Thomas": "st-thomas-mn",
    "Stanford": "stanford",
    "Stats": "duke",
    "Stephen F. Austin": "stephen-f-austin",
    "Stetson": "stetson",
    "Stevens Institute Ducks": "stevens-institute",
    "Stonehill": "stonehill",
    "Stony Brook": "stony-brook",
    "Swarthmore Garnet": "swarthmore",
    "Syracuse": "syracuse",
    "TCU": "texas-christian",
    "Tarleton State": "tarleton-state",
    "Temple": "temple",
    "Tennessee": "tennessee",
    "Tennessee State": "tennessee-state",
    "Tennessee Tech": "tennessee-tech",
    "Tennessee-Martin": "tennessee-martin",
    "Texas": "texas",
    "Texas A&M": "texas-am",
    "Texas A&M-Corpus Christi": "texas-am-corpus-christi",
    "Texas Southern": "texas-southern",
    "Texas State": "texas-state",
    "Texas Tech": "texas-tech",
    "Texas Wesleyan Rams": "texas-wesleyan",
    "Texas-Rio Grande Valley": "texas-pan-american",
    "The Citadel": "citadel",
    "Toledo": "toledo",
    "Towson": "towson",
    "Trinity (CT) Bantams": "trinity-ct",
    "Trinity (TX) Tigers": "trinity-tx",
    "Troy": "troy",
    "Tulane": "tulane",
    "Tulsa": "tulsa",
    "U.S. International Gulls": "alliant-international",
    "UAB": "alabama-birmingham",
    "UC Davis": "california-davis",
    "UC Irvine": "california-irvine",
    "UC Riverside": "california-riverside",
    "UC San Diego": "california-san-diego",
    "UC Santa Barbara": "california-santa-barbara",
    "UCF": "central-florida",
    "UCLA": "ucla",
    "UNC Asheville": "north-carolina-asheville",
    "UNC Greensboro": "north-carolina-greensboro",
    "UNC Wilmington": "north-carolina-wilmington",
    "UT Arlington": "texas-arlington",
    "UTEP": "texas-el-paso",
    "UTSA": "texas-san-antonio",
    "Union (NY) Dutchmen": "union-ny",
    "Utah": "utah",
    "Utah State": "utah-state",
    "Utah Tech": "dixie-state",
    "Utah Valley": "utah-valley",
    "Utica Pioneers": "utica",
    "Valparaiso": "valparaiso",
    "Vanderbilt": "vanderbilt",
    "Vermont": "vermont",
    "Villanova": "villanova",
    "Virginia": "virginia",
    "Virginia Commonwealth": "virginia-commonwealth",
    "Virginia Military Institute": "virginia-military-institute",
    "Virginia Tech": "virginia-tech",
    "WPI Engineers": "worcester-tech",
    "Wabash Little Giants": "wabash",
    "Wagner": "wagner",
    "Wake Forest": "wake-forest",
    "Washburn Ichabods": "washburn",
    "Washington": "washington",
    "Washington & Jefferson Presidents": "washington-jefferson",
    "Washington & Lee Generals": "washington-lee",
    "Washington (MO) Bears": "washington-mo",
    "Washington College Shoremen": "washington-college",
    "Washington State": "washington-state",
    "Wayne State (MI) Warriors": "wayne-state-mi",
    "Weber State": "weber-state",
    "Wesleyan (CT) Cardinals": "wesleyan-ct",
    "West Chester Golden Rams": "west-chester",
    "West Georgia": "west-georgia",
    "West Texas A&M Buffaloes": "west-texas-am",
    "West Virginia": "west-virginia",
    "Western Carolina": "western-carolina",
    "Western Colorado Mountaineers": "western-state",
    "Western Illinois": "western-illinois",
    "Western Kentucky": "western-kentucky",
    "Western Michigan": "western-michigan",
    "Westminster (MO) Blue Jays": "westminster-mo",
    "Westminster (PA) Titans": "westminster-pa",
    "Wheaton (IL) Thunder": "wheaton-il",
    "Whittier Poets": "whittier",
    "Wichita State": "wichita-state",
    "Widener Pride": "widener",
    "William & Mary": "william-mary",
    "Williams Ephs": "williams",
    "Winston-Salem Rams": "winston-salem",
    "Winthrop": "winthrop",
    "Wisconsin": "wisconsin",
    "Wisconsin-Stevens Point Pointers": "wisconsin-stevens-point",
    "Wisconsin-Superior Yellowjackets": "wisconsin-superior",
    "Wittenberg Tigers": "wittenberg",
    "Wofford": "wofford",
    "Wooster Fighting Scots": "wooster",
    "Wright State": "wright-state",
    "Wyoming": "wyoming",
    "Xavier": "xavier",
    "Yale": "yale",
    "Youngstown State": "youngstown-state",
    "abilene christian": "abilene-christian",
    "abilene-christian": "abilene-christian",
    "abilene_christian": "abilene-christian",
    "air force": "air-force",
    "air-force": "air-force",
    "air_force": "air-force",
    "akron": "akron",
    "alabama": "alabama",
    "alabama a&m": "alabama-am",
    "alabama am": "alabama-am",
    "alabama state": "alabama-state",
    "alabama-a&m": "alabama-am",
    "alabama-state": "alabama-state",
    "alabama_a&m": "alabama-am",
    "alabama_state": "alabama-state",
    "albany": "albany-ny",
    "albany (ny)": "albany-ny",
    "albany-(ny)": "albany-ny",
    "albany_(ny)": "albany-ny",
    "alcorn state": "alcorn-state",
    "alcorn-state": "alcorn-state",
    "alcorn_state": "alcorn-state",
    "allegheny gators": "allegheny",
    "allegheny-gators": "allegheny",
    "allegheny_gators": "allegheny",
    "american": "american",
    "amherst lord jeffs": "amherst",
    "amherst-lord-jeffs": "amherst",
    "amherst_lord_jeffs": "amherst",
    "appalachian state": "appalachian-state",
    "appalachian-state": "appalachian-state",
    "appalachian_state": "appalachian-state",
    "arizona": "arizona",
    "arizona state": "arizona-state",
    "arizona-state": "arizona-state",
    "arizona_state": "arizona-state",
    "arkansas": "arkansas",
    "arkansas state": "arkansas-state",
    "arkansas-pine bluff": "arkansas-pine-bluff",
    "arkansas-pine-bluff": "arkansas-pine-bluff",
    "arkansas-pine_bluff": "arkansas-pine-bluff",
    "arkansas-state": "arkansas-state",
    "arkansas_state": "arkansas-state",
    "arkansaspine bluff": "arkansas-pine-bluff",
    "armstrong pirates": "armstrong",
    "armstrong-pirates": "armstrong",
    "armstrong_pirates": "armstrong",
    "army": "army",
    "auburn": "auburn",
    "augusta jaguars": "augusta-state",
    "augusta-jaguars": "augusta-state",
    "augusta_jaguars": "augusta-state",
    "augustana (il) vikings": "augustana-il",
    "augustana vikings": "augustana-il",
    "augustana-(il)-vikings": "augustana-il",
    "augustana_(il)_vikings": "augustana-il",
    "austin peay": "austin-peay",
    "austin-peay": "austin-peay",
    "austin_peay": "austin-peay",
    "baker": "baker",
    "baldwin-wallace yellow jackets": "baldwin-wallace",
    "baldwin-wallace-yellow-jackets": "baldwin-wallace",
    "baldwin-wallace_yellow_jackets": "baldwin-wallace",
    "baldwinwallace yellow jackets": "baldwin-wallace",
    "ball state": "ball-state",
    "ball-state": "ball-state",
    "ball_state": "ball-state",
    "baltimore super bees": "baltimore",
    "baltimore-super-bees": "baltimore",
    "baltimore_super_bees": "baltimore",
    "baylor": "baylor",
    "bellarmine": "bellarmine",
    "belmont": "belmont",
    "beloit buccaneers": "beloit",
    "beloit-buccaneers": "beloit",
    "beloit_buccaneers": "beloit",
    "bethune-cookman": "bethune-cookman",
    "bethunecookman": "bethune-cookman",
    "binghamton": "binghamton",
    "birmingham-southern panthers": "birmingham-southern",
    "birmingham-southern-panthers": "birmingham-southern",
    "birmingham-southern_panthers": "birmingham-southern",
    "birminghamsouthern panthers": "birmingham-southern",
    "bloomsburg huskies": "bloomsburg",
    "bloomsburg-huskies": "bloomsburg",
    "bloomsburg_huskies": "bloomsburg",
    "boise state": "boise-state",
    "boise-state": "boise-state",
    "boise_state": "boise-state",
    "boston college": "boston-college",
    "boston university": "boston-university",
    "boston university men": "boston-university",
    "boston-college": "boston-college",
    "boston-university": "boston-university",
    "boston-university-men": "boston-university",
    "boston_college": "boston-college",
    "boston_university": "boston-university",
    "boston_university_men": "boston-university",
    "bowling green": "bowling-green-state",
    "bowling-green": "bowling-green-state",
    "bowling_green": "bowling-green-state",
    "bradley": "bradley",
    "brigham young": "brigham-young",
    "brigham young college": "brigham-young-college",
    "brigham-young": "brigham-young",
    "brigham-young-college": "brigham-young-college",
    "brigham_young": "brigham-young",
    "brigham_young_college": "brigham-young-college",
    "brooklyn bulldogs": "brooklyn",
    "brooklyn-bulldogs": "brooklyn",
    "brooklyn_bulldogs": "brooklyn",
    "brown": "brown",
    "bryant": "bryant",
    "bucknell": "bucknell",
    "buffalo": "buffalo",
    "butler": "butler",
    "byu": "brigham-young",
    "cal poly": "cal-poly",
    "cal state bakersfield": "cal-state-bakersfield",
    "cal state fullerton": "cal-state-fullerton",
    "cal state los angeles golden eagles": "cal-state-los-angeles",
    "cal state northridge": "cal-state-northridge",
    "cal-poly": "cal-poly",
    "cal-state-bakersfield": "cal-state-bakersfield",
    "cal-state-fullerton": "cal-state-fullerton",
    "cal-state-los-angeles-golden-eagles": "cal-state-los-angeles",
    "cal-state-northridge": "cal-state-northridge",
    "cal_poly": "cal-poly",
    "cal_state_bakersfield": "cal-state-bakersfield",
    "cal_state_fullerton": "cal-state-fullerton",
    "cal_state_los_angeles_golden_eagles": "cal-state-los-angeles",
    "cal_state_northridge": "cal-state-northridge",
    "california": "california",
    "california baptist": "california-baptist",
    "california-baptist": "california-baptist",
    "california_baptist": "california-baptist",
    "campbell": "campbell",
    "canisius": "canisius",
    "canterbury college": "central-normal-college",
    "canterbury-college": "central-normal-college",
    "canterbury_college": "central-normal-college",
    "carleton knights": "carleton-college",
    "carleton-knights": "carleton-college",
    "carleton_knights": "carleton-college",
    "carnegie mellon tartans": "carnegie-mellon",
    "carnegie-mellon-tartans": "carnegie-mellon",
    "carnegie_mellon_tartans": "carnegie-mellon",
    "case western reserve spartans": "case-western-reserve",
    "case-western-reserve-spartans": "case-western-reserve",
    "case_western_reserve_spartans": "case-western-reserve",
    "catholic cardinals": "catholic",
    "catholic-cardinals": "catholic",
    "catholic_cardinals": "catholic",
    "centenary (la) gents": "centenary-la",
    "centenary gents": "centenary-la",
    "centenary-(la)-gents": "centenary-la",
    "centenary_(la)_gents": "centenary-la",
    "central arkansas": "central-arkansas",
    "central connecticut state": "central-connecticut-state",
    "central michigan": "central-michigan",
    "central missouri mules": "central-missouri",
    "central pennsylvania college knights": "central-pennsylvania-college",
    "central-arkansas": "central-arkansas",
    "central-connecticut-state": "central-connecticut-state",
    "central-michigan": "central-michigan",
    "central-missouri-mules": "central-missouri",
    "central-pennsylvania-college-knights": "central-pennsylvania-college",
    "central_arkansas": "central-arkansas",
    "central_connecticut_state": "central-connecticut-state",
    "central_michigan": "central-michigan",
    "central_missouri_mules": "central-missouri",
    "central_pennsylvania_college_knights": "central-pennsylvania-college",
    "centre (ky) colonels": "centre-ky",
    "centre colonels": "centre-ky",
    "centre-(ky)-colonels": "centre-ky",
    "centre_(ky)_colonels": "centre-ky",
    "charleston southern": "charleston-southern",
    "charleston-southern": "charleston-southern",
    "charleston_southern": "charleston-southern",
    "charlotte": "charlotte",
    "chattanooga": "chattanooga",
    "cheyenne business college": "cheyenne-business-college",
    "cheyenne-business-college": "cheyenne-business-college",
    "cheyenne_business_college": "cheyenne-business-college",
    "chicago maroons": "chicago",
    "chicago state": "chicago-state",
    "chicago-maroons": "chicago",
    "chicago-state": "chicago-state",
    "chicago_maroons": "chicago",
    "chicago_state": "chicago-state",
    "cincinnati": "cincinnati",
    "city college of new york beavers": "city-college-of-new-york",
    "city-college-of-new-york-beavers": "city-college-of-new-york",
    "city_college_of_new_york_beavers": "city-college-of-new-york",
    "clemson": "clemson",
    "cleveland state": "cleveland-state",
    "cleveland-state": "cleveland-state",
    "cleveland_state": "cleveland-state",
    "coastal carolina": "coastal-carolina",
    "coastal-carolina": "coastal-carolina",
    "coastal_carolina": "coastal-carolina",
    "colgate": "colgate",
    "college of charleston": "college-of-charleston",
    "college of new jersey lions": "college-of-new-jersey",
    "college-of-charleston": "college-of-charleston",
    "college-of-new-jersey-lions": "college-of-new-jersey",
    "college_of_charleston": "college-of-charleston",
    "college_of_new_jersey_lions": "college-of-new-jersey",
    "colorado": "colorado",
    "colorado college tigers": "colorado-college",
    "colorado school of mines orediggers": "colorado-school-of-mines",
    "colorado state": "colorado-state",
    "colorado-college-tigers": "colorado-college",
    "colorado-school-of-mines-orediggers": "colorado-school-of-mines",
    "colorado-state": "colorado-state",
    "colorado_college_tigers": "colorado-college",
    "colorado_school_of_mines_orediggers": "colorado-school-of-mines",
    "colorado_state": "colorado-state",
    "columbia": "columbia",
    "concordia seminary preachers": "concordia-seminary",
    "concordia-seminary-preachers": "concordia-seminary",
    "concordia_seminary_preachers": "concordia-seminary",
    "connecticut": "connecticut",
    "coppin state": "coppin-state",
    "coppin-state": "coppin-state",
    "coppin_state": "coppin-state",
    "cornell": "cornell",
    "cotner college": "cotner-university",
    "cotner-college": "cotner-university",
    "cotner_college": "cotner-university",
    "creighton": "creighton",
    "cumberland": "cumberland",
    "cumberland (tn)": "cumberland",
    "cumberland-(tn)": "cumberland",
    "cumberland_(tn)": "cumberland",
    "dakota wesleyan tigers": "dakota-wesleyan",
    "dakota-wesleyan-tigers": "dakota-wesleyan",
    "dakota_wesleyan_tigers": "dakota-wesleyan",
    "dartmouth": "dartmouth",
    "davidson": "davidson",
    "dayton": "dayton",
    "delaware": "delaware",
    "delaware state": "delaware-state",
    "delaware-state": "delaware-state",
    "delaware_state": "delaware-state",
    "denison big red": "denison",
    "denison-big-red": "denison",
    "denison_big_red": "denison",
    "denver": "denver",
    "depaul": "depaul",
    "depauw tigers": "depauw",
    "depauw-tigers": "depauw",
    "depauw_tigers": "depauw",
    "detroit mercy": "detroit-mercy",
    "detroit-mercy": "detroit-mercy",
    "detroit_mercy": "detroit-mercy",
    "dickinson college red devils": "dickinson-college",
    "dickinson-college-red-devils": "dickinson-college",
    "dickinson_college_red_devils": "dickinson-college",
    "drake": "drake",
    "drexel": "drexel",
    "duke": "duke",
    "duquesne": "duquesne",
    "east carolina": "east-carolina",
    "east central tigers": "east-central",
    "east tennessee state": "east-tennessee-state",
    "east texas a&m": "texas-am-commerce",
    "east texas am": "texas-am-commerce",
    "east-carolina": "east-carolina",
    "east-central-tigers": "east-central",
    "east-tennessee-state": "east-tennessee-state",
    "east-texas-a&m": "texas-am-commerce",
    "east_carolina": "east-carolina",
    "east_central_tigers": "east-central",
    "east_tennessee_state": "east-tennessee-state",
    "east_texas_a&m": "texas-am-commerce",
    "eastern illinois": "eastern-illinois",
    "eastern kentucky": "eastern-kentucky",
    "eastern michigan": "eastern-michigan",
    "eastern washington": "eastern-washington",
    "eastern-illinois": "eastern-illinois",
    "eastern-kentucky": "eastern-kentucky",
    "eastern-michigan": "eastern-michigan",
    "eastern-washington": "eastern-washington",
    "eastern_illinois": "eastern-illinois",
    "eastern_kentucky": "eastern-kentucky",
    "eastern_michigan": "eastern-michigan",
    "eastern_washington": "eastern-washington",
    "elon": "elon",
    "emporia state hornets": "emporia-state",
    "emporia-state-hornets": "emporia-state",
    "emporia_state_hornets": "emporia-state",
    "ensign college": "latter-day-saints-university",
    "ensign-college": "latter-day-saints-university",
    "ensign_college": "latter-day-saints-university",
    "evansville": "evansville",
    "fairfield": "fairfield",
    "fdu": "fairleigh-dickinson",
    "florida": "florida",
    "florida a&m": "florida-am",
    "florida am": "florida-am",
    "florida atlantic": "florida-atlantic",
    "florida gulf coast": "florida-gulf-coast",
    "florida international": "florida-international",
    "florida state": "florida-state",
    "florida-a&m": "florida-am",
    "florida-atlantic": "florida-atlantic",
    "florida-gulf-coast": "florida-gulf-coast",
    "florida-international": "florida-international",
    "florida-state": "florida-state",
    "florida_a&m": "florida-am",
    "florida_atlantic": "florida-atlantic",
    "florida_gulf_coast": "florida-gulf-coast",
    "florida_international": "florida-international",
    "florida_state": "florida-state",
    "fordham": "fordham",
    "franklin grizzlies": "franklin",
    "franklin-grizzlies": "franklin",
    "franklin_grizzlies": "franklin",
    "fresno state": "fresno-state",
    "fresno-state": "fresno-state",
    "fresno_state": "fresno-state",
    "furman": "furman",
    "gardner-webb": "gardner-webb",
    "gardnerwebb": "gardner-webb",
    "geneva golden tornadoes": "geneva",
    "geneva-golden-tornadoes": "geneva",
    "geneva_golden_tornadoes": "geneva",
    "george mason": "george-mason",
    "george washington": "george-washington",
    "george-mason": "george-mason",
    "george-washington": "george-washington",
    "george_mason": "george-mason",
    "george_washington": "george-washington",
    "georgetown": "georgetown",
    "georgia": "georgia",
    "georgia southern": "georgia-southern",
    "georgia state": "georgia-state",
    "georgia tech": "georgia-tech",
    "georgia-southern": "georgia-southern",
    "georgia-state": "georgia-state",
    "georgia-tech": "georgia-tech",
    "georgia_southern": "georgia-southern",
    "georgia_state": "georgia-state",
    "georgia_tech": "georgia-tech",
    "gettysburg bullets": "gettysburg",
    "gettysburg-bullets": "gettysburg",
    "gettysburg_bullets": "gettysburg",
    "gonzaga": "gonzaga",
    "grambling": "grambling",
    "grand canyon": "grand-canyon",
    "grand-canyon": "grand-canyon",
    "grand_canyon": "grand-canyon",
    "green bay": "green-bay",
    "green-bay": "green-bay",
    "green_bay": "green-bay",
    "grinnell pioneers": "grinnell",
    "grinnell-pioneers": "grinnell",
    "grinnell_pioneers": "grinnell",
    "grove city wolverines": "grove-city",
    "grove-city-wolverines": "grove-city",
    "grove_city_wolverines": "grove-city",
    "hamline pipers": "hamline",
    "hamline-pipers": "hamline",
    "hamline_pipers": "hamline",
    "hampton": "hampton",
    "hardin-simmons cowboys": "hardin-simmons",
    "hardin-simmons-cowboys": "hardin-simmons",
    "hardin-simmons_cowboys": "hardin-simmons",
    "hardinsimmons cowboys": "hardin-simmons",
    "hartford hawks": "hartford",
    "hartford-hawks": "hartford",
    "hartford_hawks": "hartford",
    "harvard": "harvard",
    "haskell (ks) fighting indians": "haskell-indian-nations-institute",
    "haskell fighting indians": "haskell-indian-nations-institute",
    "haskell-(ks)-fighting-indians": "haskell-indian-nations-institute",
    "haskell_(ks)_fighting_indians": "haskell-indian-nations-institute",
    "hawaii": "hawaii",
    "high point": "high-point",
    "high-point": "high-point",
    "high_point": "high-point",
    "hiram terriers": "hiram",
    "hiram-terriers": "hiram",
    "hiram_terriers": "hiram",
    "hofstra": "hofstra",
    "holy cross": "holy-cross",
    "holy-cross": "holy-cross",
    "holy_cross": "holy-cross",
    "hope flying dutchmen": "hope",
    "hope-flying-dutchmen": "hope",
    "hope_flying_dutchmen": "hope",
    "houston": "houston",
    "houston christian": "houston-baptist",
    "houston men": "houston",
    "houston-christian": "houston-baptist",
    "houston-men": "houston",
    "houston_christian": "houston-baptist",
    "houston_men": "houston",
    "howard": "howard",
    "idaho": "idaho",
    "idaho state": "idaho-state",
    "idaho-state": "idaho-state",
    "idaho_state": "idaho-state",
    "illinois": "illinois",
    "illinois state": "illinois-state",
    "illinois wesleyan titans": "illinois-wesleyan",
    "illinois-chicago": "illinois-chicago",
    "illinois-state": "illinois-state",
    "illinois-wesleyan-titans": "illinois-wesleyan",
    "illinois_state": "illinois-state",
    "illinois_wesleyan_titans": "illinois-wesleyan",
    "illinoischicago": "illinois-chicago",
    "incarnate word": "incarnate-word",
    "incarnate-word": "incarnate-word",
    "incarnate_word": "incarnate-word",
    "indiana": "indiana",
    "indiana state": "indiana-state",
    "indiana-state": "indiana-state",
    "indiana_state": "indiana-state",
    "iona": "iona",
    "iowa": "iowa",
    "iowa st": "iowa-state",
    "iowa st.": "iowa-state",
    "iowa state": "iowa-state",
    "iowa-state": "iowa-state",
    "iowa_state": "iowa-state",
    "iu indy": "iupui",
    "iu-indy": "iupui",
    "iu_indy": "iupui",
    "jackson state": "jackson-state",
    "jackson-state": "jackson-state",
    "jackson_state": "jackson-state",
    "jacksonville": "jacksonville",
    "jacksonville state": "jacksonville-state",
    "jacksonville-state": "jacksonville-state",
    "jacksonville_state": "jacksonville-state",
    "james madison": "james-madison",
    "james-madison": "james-madison",
    "james_madison": "james-madison",
    "john carroll blue streaks": "john-carroll",
    "john-carroll-blue-streaks": "john-carroll",
    "john_carroll_blue_streaks": "john-carroll",
    "kalamazoo hornets": "kalamazoo",
    "kalamazoo-hornets": "kalamazoo",
    "kalamazoo_hornets": "kalamazoo",
    "kansas": "kansas",
    "kansas city": "missouri-kansas-city",
    "kansas state": "kansas-state",
    "kansas-city": "missouri-kansas-city",
    "kansas-state": "kansas-state",
    "kansas_city": "missouri-kansas-city",
    "kansas_state": "kansas-state",
    "kennesaw state": "kennesaw-state",
    "kennesaw-state": "kennesaw-state",
    "kennesaw_state": "kennesaw-state",
    "kent state": "kent-state",
    "kent-state": "kent-state",
    "kent_state": "kent-state",
    "kentucky": "kentucky",
    "kentucky wesleyan panthers": "kentucky-wesleyan",
    "kentucky-wesleyan-panthers": "kentucky-wesleyan",
    "kentucky_wesleyan_panthers": "kentucky-wesleyan",
    "la salle": "la-salle",
    "la-salle": "la-salle",
    "la_salle": "la-salle",
    "lafayette": "lafayette",
    "lake forest foresters": "lake-forest",
    "lake-forest-foresters": "lake-forest",
    "lake_forest_foresters": "lake-forest",
    "lamar": "lamar",
    "lawrence tech": "lawrence-tech",
    "lawrence-tech": "lawrence-tech",
    "lawrence_tech": "lawrence-tech",
    "le moyne": "le-moyne",
    "le-moyne": "le-moyne",
    "le_moyne": "le-moyne",
    "lehigh": "lehigh",
    "lewis flyers": "lewis",
    "lewis-flyers": "lewis",
    "lewis_flyers": "lewis",
    "liberty": "liberty",
    "lindenwood": "lindenwood",
    "lipscomb": "lipscomb",
    "little rock": "arkansas-little-rock",
    "little-rock": "arkansas-little-rock",
    "little_rock": "arkansas-little-rock",
    "long beach state": "long-beach-state",
    "long island university": "long-island-university",
    "long-beach-state": "long-beach-state",
    "long-island-university": "long-island-university",
    "long_beach_state": "long-beach-state",
    "long_island_university": "long-island-university",
    "longwood": "longwood",
    "louisiana": "louisiana-lafayette",
    "louisiana state": "louisiana-state",
    "louisiana tech": "louisiana-tech",
    "louisiana-monroe": "louisiana-monroe",
    "louisiana-state": "louisiana-state",
    "louisiana-tech": "louisiana-tech",
    "louisiana_state": "louisiana-state",
    "louisiana_tech": "louisiana-tech",
    "louisianamonroe": "louisiana-monroe",
    "louisville": "louisville",
    "loyola": "loyola-md",
    "loyola (il)": "loyola-il",
    "loyola (la) wolfpack": "loyola-la",
    "loyola (md)": "loyola-md",
    "loyola marymount": "loyola-marymount",
    "loyola wolfpack": "loyola-la",
    "loyola-(il)": "loyola-il",
    "loyola-(la)-wolfpack": "loyola-la",
    "loyola-(md)": "loyola-md",
    "loyola-marymount": "loyola-marymount",
    "loyola_(il)": "loyola-il",
    "loyola_(la)_wolfpack": "loyola-la",
    "loyola_(md)": "loyola-md",
    "loyola_marymount": "loyola-marymount",
    "lsu": "louisiana-state",
    "macalester scots": "macalester",
    "macalester-scots": "macalester",
    "macalester_scots": "macalester",
    "maine": "maine",
    "manchester spartans": "manchester",
    "manchester-spartans": "manchester",
    "manchester_spartans": "manchester",
    "manhattan": "manhattan",
    "marietta pioneers": "marietta",
    "marietta-pioneers": "marietta",
    "marietta_pioneers": "marietta",
    "marist": "marist",
    "marquette": "marquette",
    "marshall": "marshall",
    "maryland": "maryland",
    "maryland-baltimore county": "maryland-baltimore-county",
    "maryland-baltimore-county": "maryland-baltimore-county",
    "maryland-baltimore_county": "maryland-baltimore-county",
    "maryland-eastern shore": "maryland-eastern-shore",
    "maryland-eastern-shore": "maryland-eastern-shore",
    "maryland-eastern_shore": "maryland-eastern-shore",
    "marylandbaltimore county": "maryland-baltimore-county",
    "marylandeastern shore": "maryland-eastern-shore",
    "massachusetts": "massachusetts",
    "massachusetts institute of technology engineers": "massachusetts-institute-of-technology",
    "massachusetts-institute-of-technology-engineers": "massachusetts-institute-of-technology",
    "massachusetts-lowell": "massachusetts-lowell",
    "massachusetts_institute_of_technology_engineers": "massachusetts-institute-of-technology",
    "massachusettslowell": "massachusetts-lowell",
    "mcneese state": "mcneese-state",
    "mcneese-state": "mcneese-state",
    "mcneese_state": "mcneese-state",
    "memphis": "memphis",
    "mercer": "mercer",
    "merchant marine mariners": "merchant-marine-academy",
    "merchant-marine-mariners": "merchant-marine-academy",
    "merchant_marine_mariners": "merchant-marine-academy",
    "mercyhurst": "mercyhurst",
    "merrimack": "merrimack",
    "miami": "miami-oh",
    "miami (fl)": "miami-fl",
    "miami (oh)": "miami-oh",
    "miami-(fl)": "miami-fl",
    "miami-(oh)": "miami-oh",
    "miami_(fl)": "miami-fl",
    "miami_(oh)": "miami-oh",
    "michigan": "michigan",
    "michigan st": "michigan-state",
    "michigan st.": "michigan-state",
    "michigan state": "michigan-state",
    "michigan-state": "michigan-state",
    "michigan_state": "michigan-state",
    "middle tennessee": "middle-tennessee",
    "middle-tennessee": "middle-tennessee",
    "middle_tennessee": "middle-tennessee",
    "millikin big blue": "millikin",
    "millikin-big-blue": "millikin",
    "millikin_big_blue": "millikin",
    "millsaps majors": "millsaps",
    "millsaps-majors": "millsaps",
    "millsaps_majors": "millsaps",
    "milwaukee": "milwaukee",
    "minnesota": "minnesota",
    "minnesota a&m aggies": "minnesota-am",
    "minnesota am aggies": "minnesota-am",
    "minnesota-a&m-aggies": "minnesota-am",
    "minnesota_a&m_aggies": "minnesota-am",
    "mississippi": "mississippi",
    "mississippi state": "mississippi-state",
    "mississippi valley state": "mississippi-valley-state",
    "mississippi-state": "mississippi-state",
    "mississippi-valley-state": "mississippi-valley-state",
    "mississippi_state": "mississippi-state",
    "mississippi_valley_state": "mississippi-valley-state",
    "ole miss": "mississippi",
    "missouri": "missouri",
    "missouri state": "missouri-state",
    "missouri-state": "missouri-state",
    "missouri_state": "missouri-state",
    "monmouth": "monmouth",
    "montana": "montana",
    "montana state": "montana-state",
    "montana-state": "montana-state",
    "montana_state": "montana-state",
    "morehead state": "morehead-state",
    "morehead-state": "morehead-state",
    "morehead_state": "morehead-state",
    "morgan state": "morgan-state",
    "morgan-state": "morgan-state",
    "morgan_state": "morgan-state",
    "morris brown wolverines": "morris-brown",
    "morris-brown-wolverines": "morris-brown",
    "morris_brown_wolverines": "morris-brown",
    "mount st marys": "mount-st-marys",
    "mount st. mary's": "mount-st-marys",
    "mount union purple raiders": "mount-union",
    "mount-st.-mary's": "mount-st-marys",
    "mount-union-purple-raiders": "mount-union",
    "mount_st._mary's": "mount-st-marys",
    "mount_union_purple_raiders": "mount-union",
    "muhlenberg mules": "muhlenberg",
    "muhlenberg-mules": "muhlenberg",
    "muhlenberg_mules": "muhlenberg",
    "murray state": "murray-state",
    "murray-state": "murray-state",
    "murray_state": "murray-state",
    "muskingum fighting muskies": "muskingum",
    "muskingum-fighting-muskies": "muskingum",
    "muskingum_fighting_muskies": "muskingum",
    "navy": "navy",
    "nc state": "north-carolina-state",
    "nc-state": "north-carolina-state",
    "nc_state": "north-carolina-state",
    "nebraska": "nebraska",
    "nebraska wesleyan prairie wolves": "nebraska-wesleyan",
    "nebraska-wesleyan-prairie-wolves": "nebraska-wesleyan",
    "nebraska_wesleyan_prairie_wolves": "nebraska-wesleyan",
    "nevada": "nevada",
    "nevada-las vegas": "nevada-las-vegas",
    "nevada-las-vegas": "nevada-las-vegas",
    "nevada-las_vegas": "nevada-las-vegas",
    "nevadalas vegas": "nevada-las-vegas",
    "new hampshire": "new-hampshire",
    "new haven": "new-haven",
    "new mexico": "new-mexico",
    "new mexico state": "new-mexico-state",
    "new orleans": "new-orleans",
    "new york university violets": "new-york-university",
    "new-hampshire": "new-hampshire",
    "new-haven": "new-haven",
    "new-mexico": "new-mexico",
    "new-mexico-state": "new-mexico-state",
    "new-orleans": "new-orleans",
    "new-york-university-violets": "new-york-university",
    "new_hampshire": "new-hampshire",
    "new_haven": "new-haven",
    "new_mexico": "new-mexico",
    "new_mexico_state": "new-mexico-state",
    "new_orleans": "new-orleans",
    "new_york_university_violets": "new-york-university",
    "newberry wolves": "newberry",
    "newberry-wolves": "newberry",
    "newberry_wolves": "newberry",
    "niagara": "niagara",
    "nicholls state": "nicholls-state",
    "nicholls-state": "nicholls-state",
    "nicholls_state": "nicholls-state",
    "njit": "njit",
    "norfolk state": "norfolk-state",
    "norfolk-state": "norfolk-state",
    "norfolk_state": "norfolk-state",
    "north alabama": "north-alabama",
    "north carolina": "north-carolina",
    "north carolina a&t": "north-carolina-at",
    "north carolina at": "north-carolina-at",
    "north carolina central": "north-carolina-central",
    "north carolina state": "north-carolina-state",
    "north central (il) cardinals": "north-central",
    "north central cardinals": "north-central",
    "north dakota": "north-dakota",
    "north dakota state": "north-dakota-state",
    "north florida": "north-florida",
    "north texas": "north-texas",
    "north-alabama": "north-alabama",
    "north-carolina": "north-carolina",
    "north-carolina-a&t": "north-carolina-at",
    "north-carolina-central": "north-carolina-central",
    "north-carolina-state": "north-carolina-state",
    "north-central-(il)-cardinals": "north-central",
    "north-dakota": "north-dakota",
    "north-dakota-state": "north-dakota-state",
    "north-florida": "north-florida",
    "north-texas": "north-texas",
    "north_alabama": "north-alabama",
    "north_carolina": "north-carolina",
    "north_carolina_a&t": "north-carolina-at",
    "north_carolina_central": "north-carolina-central",
    "north_carolina_state": "north-carolina-state",
    "north_central_(il)_cardinals": "north-central",
    "north_dakota": "north-dakota",
    "north_dakota_state": "north-dakota-state",
    "north_florida": "north-florida",
    "north_texas": "north-texas",
    "northeastern": "northeastern",
    "northeastern illinois golden eagles": "northeastern-illinois",
    "northeastern-illinois-golden-eagles": "northeastern-illinois",
    "northeastern_illinois_golden_eagles": "northeastern-illinois",
    "northern arizona": "northern-arizona",
    "northern colorado": "northern-colorado",
    "northern illinois": "northern-illinois",
    "northern iowa": "northern-iowa",
    "northern kentucky": "northern-kentucky",
    "northern-arizona": "northern-arizona",
    "northern-colorado": "northern-colorado",
    "northern-illinois": "northern-illinois",
    "northern-iowa": "northern-iowa",
    "northern-kentucky": "northern-kentucky",
    "northern_arizona": "northern-arizona",
    "northern_colorado": "northern-colorado",
    "northern_illinois": "northern-illinois",
    "northern_iowa": "northern-iowa",
    "northern_kentucky": "northern-kentucky",
    "northwest missouri state bearcats": "northwest-missouri-state",
    "northwest-missouri-state-bearcats": "northwest-missouri-state",
    "northwest_missouri_state_bearcats": "northwest-missouri-state",
    "northwestern": "northwestern",
    "northwestern men": "northwestern",
    "northwestern state": "northwestern-state",
    "northwestern-men": "northwestern",
    "northwestern-state": "northwestern-state",
    "northwestern_men": "northwestern",
    "northwestern_state": "northwestern-state",
    "notre dame": "notre-dame",
    "notre-dame": "notre-dame",
    "notre_dame": "notre-dame",
    "oakland": "oakland",
    "oberlin yeomen": "oberlin",
    "oberlin-yeomen": "oberlin",
    "oberlin_yeomen": "oberlin",
    "ohio": "ohio",
    "ohio st": "ohio-state",
    "ohio st.": "ohio-state",
    "ohio state": "ohio-state",
    "ohio wesleyan battling bishops": "ohio-wesleyan",
    "ohio-state": "ohio-state",
    "ohio-wesleyan-battling-bishops": "ohio-wesleyan",
    "ohio_state": "ohio-state",
    "ohio_wesleyan_battling_bishops": "ohio-wesleyan",
    "oklahoma": "oklahoma",
    "oklahoma city chiefs": "oklahoma-city",
    "oklahoma state": "oklahoma-state",
    "oklahoma-city-chiefs": "oklahoma-city",
    "oklahoma-state": "oklahoma-state",
    "oklahoma_city_chiefs": "oklahoma-city",
    "oklahoma_state": "oklahoma-state",
    "old dominion": "old-dominion",
    "old-dominion": "old-dominion",
    "old_dominion": "old-dominion",
    "omaha": "nebraska-omaha",
    "oral roberts": "oral-roberts",
    "oral-roberts": "oral-roberts",
    "oral_roberts": "oral-roberts",
    "oregon": "oregon",
    "oregon state": "oregon-state",
    "oregon-state": "oregon-state",
    "oregon_state": "oregon-state",
    "pacific": "pacific",
    "penn st": "penn-state",
    "penn st.": "penn-state",
    "penn state": "penn-state",
    "penn-state": "penn-state",
    "penn_state": "penn-state",
    "pennsylvania": "pennsylvania",
    "pepperdine": "pepperdine",
    "phillips haymakers": "phillips",
    "phillips-haymakers": "phillips",
    "phillips_haymakers": "phillips",
    "pittsburg state gorillas": "pittsburg-state",
    "pittsburg-state-gorillas": "pittsburg-state",
    "pittsburg_state_gorillas": "pittsburg-state",
    "pittsburgh": "pittsburgh",
    "portland": "portland",
    "portland state": "portland-state",
    "portland-state": "portland-state",
    "portland_state": "portland-state",
    "prairie view": "prairie-view",
    "prairie-view": "prairie-view",
    "prairie_view": "prairie-view",
    "pratt institute cannoneers": "pratt-institute",
    "pratt-institute-cannoneers": "pratt-institute",
    "pratt_institute_cannoneers": "pratt-institute",
    "presbyterian": "presbyterian",
    "princeton": "princeton",
    "providence": "providence",
    "purdue": "purdue",
    "purdue fort wayne": "ipfw",
    "purdue-fort-wayne": "ipfw",
    "purdue_fort_wayne": "ipfw",
    "queens": "queens-nc",
    "queens (nc)": "queens-nc",
    "queens-(nc)": "queens-nc",
    "queens_(nc)": "queens-nc",
    "quinnipiac": "quinnipiac",
    "radford": "radford",
    "regis (co) rangers": "regis-co",
    "regis rangers": "regis-co",
    "regis-(co)-rangers": "regis-co",
    "regis_(co)_rangers": "regis-co",
    "rensselaer engineers": "rensselaer",
    "rensselaer-engineers": "rensselaer",
    "rensselaer_engineers": "rensselaer",
    "rhode island": "rhode-island",
    "rhode-island": "rhode-island",
    "rhode_island": "rhode-island",
    "rice": "rice",
    "richmond": "richmond",
    "rider": "rider",
    "ripon red hawks": "ripon",
    "ripon-red-hawks": "ripon",
    "ripon_red_hawks": "ripon",
    "roanoke maroons": "roanoke",
    "roanoke-maroons": "roanoke",
    "roanoke_maroons": "roanoke",
    "robert morris": "robert-morris",
    "robert-morris": "robert-morris",
    "robert_morris": "robert-morris",
    "rochester (ny) yellowjackets": "rochester-ny",
    "rochester yellowjackets": "rochester-ny",
    "rochester-(ny)-yellowjackets": "rochester-ny",
    "rochester_(ny)_yellowjackets": "rochester-ny",
    "rose-hulman fightin' engineers": "rose-hulman",
    "rose-hulman-fightin'-engineers": "rose-hulman",
    "rose-hulman_fightin'_engineers": "rose-hulman",
    "rosehulman fightin engineers": "rose-hulman",
    "rutgers": "rutgers",
    "sacramento state": "sacramento-state",
    "sacramento-state": "sacramento-state",
    "sacramento_state": "sacramento-state",
    "sacred heart": "sacred-heart",
    "sacred-heart": "sacred-heart",
    "sacred_heart": "sacred-heart",
    "saint francis": "saint-francis-pa",
    "saint francis (pa)": "saint-francis-pa",
    "saint joseph's": "saint-josephs",
    "saint josephs": "saint-josephs",
    "saint louis": "saint-louis",
    "saint mary's (ca)": "saint-marys-ca",
    "saint marys": "saint-marys-ca",
    "saint peter's": "saint-peters",
    "saint peters": "saint-peters",
    "saint-francis-(pa)": "saint-francis-pa",
    "saint-joseph's": "saint-josephs",
    "saint-louis": "saint-louis",
    "saint-mary's-(ca)": "saint-marys-ca",
    "saint-peter's": "saint-peters",
    "saint_francis_(pa)": "saint-francis-pa",
    "saint_joseph's": "saint-josephs",
    "saint_louis": "saint-louis",
    "saint_mary's_(ca)": "saint-marys-ca",
    "saint_peter's": "saint-peters",
    "sam houston": "sam-houston-state",
    "sam-houston": "sam-houston-state",
    "sam_houston": "sam-houston-state",
    "samford": "samford",
    "san diego": "san-diego",
    "san diego state": "san-diego-state",
    "san francisco": "san-francisco",
    "san jose state": "san-jose-state",
    "san-diego": "san-diego",
    "san-diego-state": "san-diego-state",
    "san-francisco": "san-francisco",
    "san-jose-state": "san-jose-state",
    "san_diego": "san-diego",
    "san_diego_state": "san-diego-state",
    "san_francisco": "san-francisco",
    "san_jose_state": "san-jose-state",
    "santa clara": "santa-clara",
    "santa-clara": "santa-clara",
    "santa_clara": "santa-clara",
    "savage school of physical education": "savage-school-of-physical-education",
    "savage-school-of-physical-education": "savage-school-of-physical-education",
    "savage_school_of_physical_education": "savage-school-of-physical-education",
    "savannah state tigers": "savannah-state",
    "savannah-state-tigers": "savannah-state",
    "savannah_state_tigers": "savannah-state",
    "scranton royals": "scranton",
    "scranton-royals": "scranton",
    "scranton_royals": "scranton",
    "seattle": "seattle",
    "seton hall": "seton-hall",
    "seton-hall": "seton-hall",
    "seton_hall": "seton-hall",
    "sewanee tigers": "sewanee",
    "sewanee-tigers": "sewanee",
    "sewanee_tigers": "sewanee",
    "siena": "siena",
    "south alabama": "south-alabama",
    "south carolina": "south-carolina",
    "south carolina state": "south-carolina-state",
    "south carolina upstate": "south-carolina-upstate",
    "south dakota": "south-dakota",
    "south dakota state": "south-dakota-state",
    "south florida": "south-florida",
    "south-alabama": "south-alabama",
    "south-carolina": "south-carolina",
    "south-carolina-state": "south-carolina-state",
    "south-carolina-upstate": "south-carolina-upstate",
    "south-dakota": "south-dakota",
    "south-dakota-state": "south-dakota-state",
    "south-florida": "south-florida",
    "south_alabama": "south-alabama",
    "south_carolina": "south-carolina",
    "south_carolina_state": "south-carolina-state",
    "south_carolina_upstate": "south-carolina-upstate",
    "south_dakota": "south-dakota",
    "south_dakota_state": "south-dakota-state",
    "south_florida": "south-florida",
    "southeast missouri state": "southeast-missouri-state",
    "southeast-missouri-state": "southeast-missouri-state",
    "southeast_missouri_state": "southeast-missouri-state",
    "southeastern louisiana": "southeastern-louisiana",
    "southeastern-louisiana": "southeastern-louisiana",
    "southeastern_louisiana": "southeastern-louisiana",
    "southern": "southern",
    "southern california": "southern-california",
    "southern illinois": "southern-illinois",
    "southern illinois-edwardsville": "southern-illinois-edwardsville",
    "southern illinoisedwardsville": "southern-illinois-edwardsville",
    "southern indiana": "southern-indiana",
    "southern methodist": "southern-methodist",
    "southern mississippi": "southern-mississippi",
    "southern utah": "southern-utah",
    "southern-california": "southern-california",
    "southern-illinois": "southern-illinois",
    "southern-illinois-edwardsville": "southern-illinois-edwardsville",
    "southern-indiana": "southern-indiana",
    "southern-methodist": "southern-methodist",
    "southern-mississippi": "southern-mississippi",
    "southern-utah": "southern-utah",
    "southern_california": "southern-california",
    "southern_illinois": "southern-illinois",
    "southern_illinois-edwardsville": "southern-illinois-edwardsville",
    "southern_indiana": "southern-indiana",
    "southern_methodist": "southern-methodist",
    "southern_mississippi": "southern-mississippi",
    "southern_utah": "southern-utah",
    "southwestern (ks) moundbuilders": "southwestern-ks",
    "southwestern (tx) pirates": "southwestern-tx",
    "southwestern moundbuilders": "southwestern-ks",
    "southwestern pirates": "southwestern-tx",
    "southwestern-(ks)-moundbuilders": "southwestern-ks",
    "southwestern-(tx)-pirates": "southwestern-tx",
    "southwestern_(ks)_moundbuilders": "southwestern-ks",
    "southwestern_(tx)_pirates": "southwestern-tx",
    "springfield pride": "springfield",
    "springfield-pride": "springfield",
    "springfield_pride": "springfield",
    "st bonaventure": "st-bonaventure",
    "st francis terriers": "st-francis-ny",
    "st johns": "st-johns-ny",
    "st johns college": "st-johns-college-oh",
    "st lawrence saints": "st-lawrence",
    "st thomas": "st-thomas-mn",
    "st. bonaventure": "st-bonaventure",
    "st. francis (ny) terriers": "st-francis-ny",
    "st. john's (ny)": "st-johns-ny",
    "st. john's college (oh)": "st-johns-college-oh",
    "st. lawrence saints": "st-lawrence",
    "st. thomas": "st-thomas-mn",
    "st.-bonaventure": "st-bonaventure",
    "st.-francis-(ny)-terriers": "st-francis-ny",
    "st.-john's-(ny)": "st-johns-ny",
    "st.-john's-college-(oh)": "st-johns-college-oh",
    "st.-lawrence-saints": "st-lawrence",
    "st.-thomas": "st-thomas-mn",
    "st._bonaventure": "st-bonaventure",
    "st._francis_(ny)_terriers": "st-francis-ny",
    "st._john's_(ny)": "st-johns-ny",
    "st._john's_college_(oh)": "st-johns-college-oh",
    "st._lawrence_saints": "st-lawrence",
    "st._thomas": "st-thomas-mn",
    "stanford": "stanford",
    "stats": "duke",
    "stephen f austin": "stephen-f-austin",
    "stephen f. austin": "stephen-f-austin",
    "stephen-f.-austin": "stephen-f-austin",
    "stephen_f._austin": "stephen-f-austin",
    "stetson": "stetson",
    "stevens institute ducks": "stevens-institute",
    "stevens-institute-ducks": "stevens-institute",
    "stevens_institute_ducks": "stevens-institute",
    "stonehill": "stonehill",
    "stony brook": "stony-brook",
    "stony-brook": "stony-brook",
    "stony_brook": "stony-brook",
    "suny potsdam bears": "suny-potsdam",
    "suny-potsdam-bears": "suny-potsdam",
    "suny_potsdam_bears": "suny-potsdam",
    "swarthmore garnet": "swarthmore",
    "swarthmore-garnet": "swarthmore",
    "swarthmore_garnet": "swarthmore",
    "syracuse": "syracuse",
    "tarleton state": "tarleton-state",
    "tarleton-state": "tarleton-state",
    "tarleton_state": "tarleton-state",
    "tcu": "texas-christian",
    "temple": "temple",
    "tennessee": "tennessee",
    "tennessee state": "tennessee-state",
    "tennessee tech": "tennessee-tech",
    "tennessee-martin": "tennessee-martin",
    "tennessee-state": "tennessee-state",
    "tennessee-tech": "tennessee-tech",
    "tennessee_state": "tennessee-state",
    "tennessee_tech": "tennessee-tech",
    "tennesseemartin": "tennessee-martin",
    "texas": "texas",
    "texas a&m": "texas-am",
    "texas a&m-corpus christi": "texas-am-corpus-christi",
    "texas am": "texas-am",
    "texas amcorpus christi": "texas-am-corpus-christi",
    "texas southern": "texas-southern",
    "texas state": "texas-state",
    "texas tech": "texas-tech",
    "texas wesleyan rams": "texas-wesleyan",
    "texas-a&m": "texas-am",
    "texas-a&m-corpus-christi": "texas-am-corpus-christi",
    "texas-rio grande valley": "texas-pan-american",
    "texas-rio-grande-valley": "texas-pan-american",
    "texas-rio_grande_valley": "texas-pan-american",
    "texas-southern": "texas-southern",
    "texas-state": "texas-state",
    "texas-tech": "texas-tech",
    "texas-wesleyan-rams": "texas-wesleyan",
    "texas_a&m": "texas-am",
    "texas_a&m-corpus_christi": "texas-am-corpus-christi",
    "texas_southern": "texas-southern",
    "texas_state": "texas-state",
    "texas_tech": "texas-tech",
    "texas_wesleyan_rams": "texas-wesleyan",
    "texasrio grande valley": "texas-pan-american",
    "the citadel": "citadel",
    "the-citadel": "citadel",
    "the_citadel": "citadel",
    "toledo": "toledo",
    "towson": "towson",
    "trinity (ct) bantams": "trinity-ct",
    "trinity (tx) tigers": "trinity-tx",
    "trinity bantams": "trinity-ct",
    "trinity tigers": "trinity-tx",
    "trinity-(ct)-bantams": "trinity-ct",
    "trinity-(tx)-tigers": "trinity-tx",
    "trinity_(ct)_bantams": "trinity-ct",
    "trinity_(tx)_tigers": "trinity-tx",
    "troy": "troy",
    "tulane": "tulane",
    "tulsa": "tulsa",
    "u.s. international gulls": "alliant-international",
    "u.s.-international-gulls": "alliant-international",
    "u.s._international_gulls": "alliant-international",
    "uab": "alabama-birmingham",
    "uc davis": "california-davis",
    "uc irvine": "california-irvine",
    "uc riverside": "california-riverside",
    "uc san diego": "california-san-diego",
    "uc santa barbara": "california-santa-barbara",
    "uc-davis": "california-davis",
    "uc-irvine": "california-irvine",
    "uc-riverside": "california-riverside",
    "uc-san-diego": "california-san-diego",
    "uc-santa-barbara": "california-santa-barbara",
    "uc_davis": "california-davis",
    "uc_irvine": "california-irvine",
    "uc_riverside": "california-riverside",
    "uc_san_diego": "california-san-diego",
    "uc_santa_barbara": "california-santa-barbara",
    "ucf": "central-florida",
    "ucla": "ucla",
    "uconn": "connecticut",
    "unc": "north-carolina",
    "unc asheville": "north-carolina-asheville",
    "unc greensboro": "north-carolina-greensboro",
    "unc wilmington": "north-carolina-wilmington",
    "unc-asheville": "north-carolina-asheville",
    "unc-greensboro": "north-carolina-greensboro",
    "unc-wilmington": "north-carolina-wilmington",
    "unc_asheville": "north-carolina-asheville",
    "unc_greensboro": "north-carolina-greensboro",
    "unc_wilmington": "north-carolina-wilmington",
    "union (ny) dutchmen": "union-ny",
    "union dutchmen": "union-ny",
    "union-(ny)-dutchmen": "union-ny",
    "union_(ny)_dutchmen": "union-ny",
    "us international gulls": "alliant-international",
    "usc": "southern-california",
    "ut arlington": "texas-arlington",
    "ut-arlington": "texas-arlington",
    "ut_arlington": "texas-arlington",
    "utah": "utah",
    "utah state": "utah-state",
    "utah tech": "dixie-state",
    "utah valley": "utah-valley",
    "utah-state": "utah-state",
    "utah-tech": "dixie-state",
    "utah-valley": "utah-valley",
    "utah_state": "utah-state",
    "utah_tech": "dixie-state",
    "utah_valley": "utah-valley",
    "utep": "texas-el-paso",
    "utica pioneers": "utica",
    "utica-pioneers": "utica",
    "utica_pioneers": "utica",
    "utsa": "texas-san-antonio",
    "valparaiso": "valparaiso",
    "vanderbilt": "vanderbilt",
    "vermont": "vermont",
    "villanova": "villanova",
    "virginia": "virginia",
    "virginia commonwealth": "virginia-commonwealth",
    "virginia military institute": "virginia-military-institute",
    "virginia tech": "virginia-tech",
    "virginia-commonwealth": "virginia-commonwealth",
    "virginia-military-institute": "virginia-military-institute",
    "virginia-tech": "virginia-tech",
    "virginia_commonwealth": "virginia-commonwealth",
    "virginia_military_institute": "virginia-military-institute",
    "virginia_tech": "virginia-tech",
    "wabash little giants": "wabash",
    "wabash-little-giants": "wabash",
    "wabash_little_giants": "wabash",
    "wagner": "wagner",
    "wake forest": "wake-forest",
    "wake-forest": "wake-forest",
    "wake_forest": "wake-forest",
    "washburn ichabods": "washburn",
    "washburn-ichabods": "washburn",
    "washburn_ichabods": "washburn",
    "washington": "washington",
    "washington & jefferson presidents": "washington-jefferson",
    "washington & lee generals": "washington-lee",
    "washington (mo) bears": "washington-mo",
    "washington bears": "washington-mo",
    "washington college shoremen": "washington-college",
    "washington jefferson presidents": "washington-jefferson",
    "washington lee generals": "washington-lee",
    "washington state": "washington-state",
    "washington-&-jefferson-presidents": "washington-jefferson",
    "washington-&-lee-generals": "washington-lee",
    "washington-(mo)-bears": "washington-mo",
    "washington-college-shoremen": "washington-college",
    "washington-state": "washington-state",
    "washington_&_jefferson_presidents": "washington-jefferson",
    "washington_&_lee_generals": "washington-lee",
    "washington_(mo)_bears": "washington-mo",
    "washington_college_shoremen": "washington-college",
    "washington_state": "washington-state",
    "wayne state (mi) warriors": "wayne-state-mi",
    "wayne state warriors": "wayne-state-mi",
    "wayne-state-(mi)-warriors": "wayne-state-mi",
    "wayne_state_(mi)_warriors": "wayne-state-mi",
    "weber state": "weber-state",
    "weber-state": "weber-state",
    "weber_state": "weber-state",
    "wesleyan (ct) cardinals": "wesleyan-ct",
    "wesleyan cardinals": "wesleyan-ct",
    "wesleyan-(ct)-cardinals": "wesleyan-ct",
    "wesleyan_(ct)_cardinals": "wesleyan-ct",
    "west chester golden rams": "west-chester",
    "west georgia": "west-georgia",
    "west texas a&m buffaloes": "west-texas-am",
    "west texas am buffaloes": "west-texas-am",
    "west virginia": "west-virginia",
    "west-chester-golden-rams": "west-chester",
    "west-georgia": "west-georgia",
    "west-texas-a&m-buffaloes": "west-texas-am",
    "west-virginia": "west-virginia",
    "west_chester_golden_rams": "west-chester",
    "west_georgia": "west-georgia",
    "west_texas_a&m_buffaloes": "west-texas-am",
    "west_virginia": "west-virginia",
    "western carolina": "western-carolina",
    "western colorado mountaineers": "western-state",
    "western illinois": "western-illinois",
    "western kentucky": "western-kentucky",
    "western michigan": "western-michigan",
    "western-carolina": "western-carolina",
    "western-colorado-mountaineers": "western-state",
    "western-illinois": "western-illinois",
    "western-kentucky": "western-kentucky",
    "western-michigan": "western-michigan",
    "western_carolina": "western-carolina",
    "western_colorado_mountaineers": "western-state",
    "western_illinois": "western-illinois",
    "western_kentucky": "western-kentucky",
    "western_michigan": "western-michigan",
    "westminster (mo) blue jays": "westminster-mo",
    "westminster (pa) titans": "westminster-pa",
    "westminster blue jays": "westminster-mo",
    "westminster titans": "westminster-pa",
    "westminster-(mo)-blue-jays": "westminster-mo",
    "westminster-(pa)-titans": "westminster-pa",
    "westminster_(mo)_blue_jays": "westminster-mo",
    "westminster_(pa)_titans": "westminster-pa",
    "wheaton (il) thunder": "wheaton-il",
    "wheaton thunder": "wheaton-il",
    "wheaton-(il)-thunder": "wheaton-il",
    "wheaton_(il)_thunder": "wheaton-il",
    "whittier poets": "whittier",
    "whittier-poets": "whittier",
    "whittier_poets": "whittier",
    "wichita state": "wichita-state",
    "wichita-state": "wichita-state",
    "wichita_state": "wichita-state",
    "widener pride": "widener",
    "widener-pride": "widener",
    "widener_pride": "widener",
    "william & mary": "william-mary",
    "william mary": "william-mary",
    "william-&-mary": "william-mary",
    "william_&_mary": "william-mary",
    "williams ephs": "williams",
    "williams-ephs": "williams",
    "williams_ephs": "williams",
    "winston-salem rams": "winston-salem",
    "winston-salem-rams": "winston-salem",
    "winston-salem_rams": "winston-salem",
    "winstonsalem rams": "winston-salem",
    "winthrop": "winthrop",
    "wisconsin": "wisconsin",
    "wisconsin-stevens point pointers": "wisconsin-stevens-point",
    "wisconsin-stevens-point-pointers": "wisconsin-stevens-point",
    "wisconsin-stevens_point_pointers": "wisconsin-stevens-point",
    "wisconsin-superior yellowjackets": "wisconsin-superior",
    "wisconsin-superior-yellowjackets": "wisconsin-superior",
    "wisconsin-superior_yellowjackets": "wisconsin-superior",
    "wisconsinstevens point pointers": "wisconsin-stevens-point",
    "wisconsinsuperior yellowjackets": "wisconsin-superior",
    "wittenberg tigers": "wittenberg",
    "wittenberg-tigers": "wittenberg",
    "wittenberg_tigers": "wittenberg",
    "wofford": "wofford",
    "wooster fighting scots": "wooster",
    "wooster-fighting-scots": "wooster",
    "wooster_fighting_scots": "wooster",
    "wpi engineers": "worcester-tech",
    "wpi-engineers": "worcester-tech",
    "wpi_engineers": "worcester-tech",
    "wright state": "wright-state",
    "wright-state": "wright-state",
    "wright_state": "wright-state",
    "wyoming": "wyoming",
    "xavier": "xavier",
    "yale": "yale",
    "youngstown state": "youngstown-state",
    "youngstown-state": "youngstown-state",
    "youngstown_state": "youngstown-state",
    "Alabama St.": "alabama-state",
    "Alcorn St.": "alcorn-state",
    "Appalachian St.": "appalachian-state",
    "Arkansas St.": "arkansas-state",
    "Ball St.": "ball-state",
    "Boise St.": "boise-state",
    "Chicago St.": "chicago-state",
    "Cleveland St.": "cleveland-state",
    "Colorado St.": "colorado-state",
    "Coppin St.": "coppin-state",
    "Delaware St.": "delaware-state",
    "East Tennessee St.": "east-tennessee-state",
    "Florida St.": "florida-state",
    "Fresno St.": "fresno-state",
    "Georgia St.": "georgia-state",
    "Grambling St.": "grambling",
    "Idaho St.": "idaho-state",
    "Illinois St.": "illinois-state",
    "Indiana St.": "indiana-state",
    "Jackson St.": "jackson-state",
    "Jacksonville St.": "jacksonville-state",
    "Kennesaw St.": "kennesaw-state",
    "Kent St.": "kent-state",
    "Long Beach St.": "long-beach-state",
    "McNeese St.": "mcneese-state",
    "Mississippi Valley St.": "mississippi-valley-state",
    "Missouri St.": "missouri-state",
    "Montana St.": "montana-state",
    "Morehead St.": "morehead-state",
    "Morgan St.": "morgan-state",
    "Murray St.": "murray-state",
    "New Mexico St.": "new-mexico-state",
    "Nicholls St.": "nicholls-state",
    "Norfolk St.": "norfolk-state",
    "North Dakota St.": "north-dakota-state",
    "Northwestern St.": "northwestern-state",
    "Oregon St.": "oregon-state",
    "Portland St.": "portland-state",
    "Sacramento St.": "sacramento-state",
    "Sam Houston St.": "sam-houston-state",
    "San Diego St.": "san-diego-state",
    "San Jose St.": "san-jose-state",
    "South Carolina St.": "south-carolina-state",
    "South Dakota St.": "south-dakota-state",
    "Southeast Missouri St.": "southeast-missouri-state",
    "Tarleton St.": "tarleton-state",
    "Tennessee St.": "tennessee-state",
    "Texas St.": "texas-state",
    "Utah St.": "utah-state",
    "Washington St.": "washington-state",
    "Weber St.": "weber-state",
    "Wichita St.": "wichita-state",
    "Wright St.": "wright-state",
    "Youngstown St.": "youngstown-state",
    "Cal St. Bakersfield": "cal-state-bakersfield",
    "Cal St. Fullerton": "cal-state-fullerton",
    "Cal St. Northridge": "cal-state-northridge",
    "FIU": "florida-international",
    "Illinois Chicago": "illinois-chicago",
    "LIU": "long-island-university",
    "Louisiana Monroe": "louisiana-monroe",
    "Loyola Chicago": "loyola-il",
    "Loyola MD": "loyola-md",
    "Maryland Eastern Shore": "maryland-eastern-shore",
    "Miami FL": "miami-fl",
    "Miami OH": "miami-oh",
    "N.C. State": "north-carolina-state",
    "Nebraska Omaha": "nebraska-omaha",
    "Prairie View A&M": "prairie-view",
    "Saint Mary's": "saint-marys-ca",
    "SIU Edwardsville": "southern-illinois-edwardsville",
    "SMU": "southern-methodist",
    "Southern Miss": "southern-mississippi",
    "St. John's": "st-johns-ny",
    "Tennessee Martin": "tennessee-martin",
    "Texas A&M Corpus Chris": "texas-am-corpus-christi",
    "UMBC": "maryland-baltimore-county",
    "UMKC": "kansas-city",
    "UMass Lowell": "massachusetts-lowell",
    "UNLV": "nevada-las-vegas",
    "USC Upstate": "south-carolina-upstate",
    "UT Rio Grande Valley": "texas-rio-grande-valley",
    "VCU": "virginia-commonwealth",
    "VMI": "virginia-military-institute"
  },
  "notes": "Auto-generated mapping from Sports Reference. Maps various team name formats to the correct Sports Reference slug. Generated by scraping the schools index page.",
  "generated_count": 1753,
  "source": "https://www.sports-reference.com/cbb/schools/"
}