{
    "team_slug_mapping": {
        "A&M-Corpus Christi": "texas-am-corpus-christi",
        "Texas A&M-Corpus Christi": "texas-am-corpus-christi",
        "Abilene Christian": "abilene-christian",
        "Air Force": "air-force",
        "Akron": "akron",
        "Alabama": "alabama",
        "Alabama A&M": "alabama-am",
        "Alabama St.": "alabama-state",
        "Alabama State": "alabama-state",
        "Alabama-Birmingham": "alabama-birmingham",
        "Albany": "albany-ny",
        "Alcorn": "alcorn-state",
        "Alcorn State": "alcorn-state",
        "American": "american",
        "App State": "appalachian-state",
        "Appalachian State": "appalachian-state",
        "Arizona": "arizona",
        "Arizona St.": "arizona-state",
        "Arizona State": "arizona-state",
        "Ark.-Pine Bluff": "arkansas-pine-bluff",
        "Arkansas": "arkansas",
        "Arkansas St.": "arkansas-state",
        "Arkansas State": "arkansas-state",
        "Army": "army",
        "Army West Point": "army",
        "Auburn": "auburn",
        "Austin Peay": "austin-peay",
        "BYU": "brigham-young",
        "Ball St.": "ball-state",
        "Ball State": "ball-state",
        "Baylor": "baylor",
        "Bellarmine": "bellarmine",
        "Belmont": "belmont",
        "Bethune-Cookman": "bethune-cookman",
        "Binghamton": "binghamton",
        "Boise St.": "boise-state",
        "Boise State": "boise-state",
        "Boston College": "boston-college",
        "Boston U.": "boston-university",
        "Boston University": "boston-university",
        "Bowling Green": "bowling-green-state",
        "Bradley": "bradley",
        "Brigham Young": "brigham-young",
        "Brown": "brown",
        "Bryant": "bryant",
        "Bucknell": "bucknell",
        "Buffalo": "buffalo",
        "Butler": "butler",
        "CSU Bakersfield": "cal-state-bakersfield",
        "CSUN": "cal-state-northridge",
        "Cal Poly": "cal-poly",
        "Cal St. Fullerton": "cal-state-fullerton",
        "Cal State Bakersfield": "cal-state-bakersfield",
        "Cal State Fullerton": "cal-state-fullerton",
        "Cal State Northridge": "cal-state-northridge",
        "California": "california",
        "California Baptist": "california-baptist",
        "Campbell": "campbell",
        "Canisius": "canisius",
        "Central Ark.": "central-arkansas",
        "Central Arkansas": "central-arkansas",
        "Central Conn. St.": "central-connecticut-state",
        "Central Connecticut State": "central-connecticut-state",
        "Central Florida": "central-florida",
        "Central Mich.": "central-michigan",
        "Central Michigan": "central-michigan",
        "Charleston": "college-of-charleston",
        "Charleston So.": "charleston-southern",
        "Charleston Southern": "charleston-southern",
        "Charlotte": "charlotte",
        "Chattanooga": "chattanooga",
        "Chicago St.": "chicago-state",
        "Chicago State": "chicago-state",
        "Cincinnati": "cincinnati",
        "Clemson": "clemson",
        "Cleveland St.": "cleveland-state",
        "Cleveland State": "cleveland-state",
        "Coastal Carolina": "coastal-carolina",
        "Col. of Charleston": "college-of-charleston",
        "Colgate": "colgate",
        "College of Charleston": "college-of-charleston",
        "Colorado": "colorado",
        "Colorado St.": "colorado-state",
        "Colorado State": "colorado-state",
        "Columbia": "columbia",
        "Connecticut": "connecticut",
        "Coppin St.": "coppin-state",
        "Coppin State": "coppin-state",
        "Cornell": "cornell",
        "Creighton": "creighton",
        "Dartmouth": "dartmouth",
        "Davidson": "davidson",
        "Dayton": "dayton",
        "DePaul": "depaul",
        "Delaware": "delaware",
        "Delaware St.": "delaware-state",
        "Delaware State": "delaware-state",
        "Denver": "denver",
        "Detroit Mercy": "detroit-mercy",
        "Drake": "drake",
        "Drexel": "drexel",
        "Duke": "duke",
        "Duquesne": "duquesne",
        "ETSU": "east-tennessee-state",
        "East Carolina": "east-carolina",
        "East Tennessee State": "east-tennessee-state",
        "East Texas A&M": "texas-am-commerce",
        "Eastern Ill.": "eastern-illinois",
        "Eastern Illinois": "eastern-illinois",
        "Eastern Kentucky": "eastern-kentucky",
        "Eastern Ky.": "eastern-kentucky",
        "Eastern Mich.": "eastern-michigan",
        "Eastern Michigan": "eastern-michigan",
        "Eastern Wash.": "eastern-washington",
        "Eastern Washington": "eastern-washington",
        "Elon": "elon",
        "Evansville": "evansville",
        "FDU": "fairleigh-dickinson",
        "FGCU": "florida-gulf-coast",
        "FIU": "florida-international",
        "Fairfield": "fairfield",
        "Fairleigh Dickinson": "fairleigh-dickinson",
        "Fla. Atlantic": "florida-atlantic",
        "Florida": "florida",
        "Florida A&M": "florida-am",
        "Florida Atlantic": "florida-atlantic",
        "Florida Gulf Coast": "florida-gulf-coast",
        "Florida International": "florida-international",
        "Florida St.": "florida-state",
        "Florida State": "florida-state",
        "Fordham": "fordham",
        "Fort Wayne": "purdue-fort-wayne",
        "Fresno St.": "fresno-state",
        "Fresno State": "fresno-state",
        "Furman": "furman",
        "Ga. Southern": "georgia-southern",
        "Gardner-Webb": "gardner-webb",
        "George Mason": "george-mason",
        "George Washington": "george-washington",
        "Georgetown": "georgetown",
        "Georgia": "georgia",
        "Georgia Southern": "georgia-southern",
        "Georgia St.": "georgia-state",
        "Georgia State": "georgia-state",
        "Georgia Tech": "georgia-tech",
        "Gonzaga": "gonzaga",
        "Grambling": "grambling",
        "Grambling State": "grambling",
        "Grand Canyon": "grand-canyon",
        "Green Bay": "green-bay",
        "Hampton": "hampton",
        "Harvard": "harvard",
        "Hawai'i": "hawaii",
        "Hawaii": "hawaii",
        "High Point": "high-point",
        "Hofstra": "hofstra",
        "Holy Cross": "holy-cross",
        "Houston": "houston",
        "Houston Christian": "houston-baptist",
        "Howard": "howard",
        "IU Indy": "iupui",
        "IUPUI": "indiana-purdue-indianapolis",
        "Idaho": "idaho",
        "Idaho St.": "idaho-state",
        "Idaho State": "idaho-state",
        "Illinois": "illinois",
        "Illinois St.": "illinois-state",
        "Illinois State": "illinois-state",
        "Illinois-Chicago": "illinois-chicago",
        "Incarnate Word": "incarnate-word",
        "Indiana": "indiana",
        "Indiana St.": "indiana-state",
        "Indiana State": "indiana-state",
        "Iona": "iona",
        "Iowa": "iowa",
        "Iowa St.": "iowa-state",
        "Iowa State": "iowa-state",
        "Jackson St.": "jackson-state",
        "Jackson State": "jackson-state",
        "Jacksonville": "jacksonville",
        "Jacksonville St.": "jacksonville-state",
        "Jacksonville State": "jacksonville-state",
        "James Madison": "james-madison",
        "Kansas": "kansas",
        "Kansas City": "missouri-kansas-city",
        "Kansas St.": "kansas-state",
        "Kansas State": "kansas-state",
        "Kennesaw St.": "kennesaw-state",
        "Kennesaw State": "kennesaw-state",
        "Kent St.": "kent-state",
        "Kent State": "kent-state",
        "Kentucky": "kentucky",
        "LIU": "long-island-university",
        "LMU (CA)": "loyola-marymount",
        "LSU": "louisiana-state",
        "La Salle": "la-salle",
        "Lafayette": "lafayette",
        "Lamar": "lamar",
        "Lamar University": "lamar",
        "Le Moyne": "le-moyne",
        "Lehigh": "lehigh",
        "Liberty": "liberty",
        "Lindenwood": "lindenwood",
        "Lipscomb": "lipscomb",
        "Little Rock": "arkansas-little-rock",
        "Long Beach St.": "long-beach-state",
        "Long Beach State": "long-beach-state",
        "Long Island": "long-island-university",
        "Longwood": "longwood",
        "Louisiana": "louisiana-lafayette",
        "Louisiana State": "louisiana-state",
        "Louisiana Tech": "louisiana-tech",
        "Louisiana-Monroe": "louisiana-monroe",
        "Louisville": "louisville",
        "Loyola Chicago": "loyola-il",
        "Loyola Maryland": "loyola-md",
        "Loyola Marymount": "loyola-marymount",
        "Maine": "maine",
        "Manhattan": "manhattan",
        "Marist": "marist",
        "Marquette": "marquette",
        "Marshall": "marshall",
        "Maryland": "maryland",
        "Maryland-Baltimore County": "maryland-baltimore-county",
        "Maryland-Eastern Shore": "maryland-eastern-shore",
        "Massachusetts": "massachusetts",
        "McNeese": "mcneese-state",
        "Memphis": "memphis",
        "Mercer": "mercer",
        "Mercyhurst": "mercyhurst",
        "Merrimack": "merrimack",
        "Miami": "miami-fl",
        "Miami (FL)": "miami-fl",
        "Miami(FL)": "miami-fl",
        "Miami (OH)": "miami-oh",
        "Miami(OH)": "miami-oh",
        "Miami Red(OH)": "miami-oh",
        "Miami FL": "miami-fl",
        "Miami OH": "miami-oh",
        "Michigan": "michigan",
        "Michigan St.": "michigan-state",
        "Michigan State": "michigan-state",
        "Middle Tenn.": "middle-tennessee",
        "Middle Tennessee": "middle-tennessee",
        "Milwaukee": "milwaukee",
        "Minnesota": "minnesota",
        "Mississippi St.": "mississippi-state",
        "Mississippi State": "mississippi-state",
        "Mississippi Val.": "mississippi-valley-state",
        "Mississippi Valley State": "mississippi-valley-state",
        "Missouri": "missouri",
        "Missouri St.": "missouri-state",
        "Missouri State": "missouri-state",
        "Monmouth": "monmouth",
        "Montana": "montana",
        "Montana St.": "montana-state",
        "Montana State": "montana-state",
        "Morehead St.": "morehead-state",
        "Morehead State": "morehead-state",
        "Morgan St.": "morgan-state",
        "Morgan State": "morgan-state",
        "Mount St. Mary's": "mount-st-marys",
        "Murray St.": "murray-state",
        "Murray State": "murray-state",
        "N.C. A&T": "north-carolina-at",
        "N.C. Central": "north-carolina-central",
        "NC A&T": "north-carolina-at",
        "NC State": "north-carolina-state",
        "NIU": "northern-illinois",
        "NJIT": "njit",
        "Navy": "navy",
        "Nebraska": "nebraska",
        "Nebraska-Omaha": "nebraska-omaha",
        "Nevada": "nevada",
        "New Hampshire": "new-hampshire",
        "New Haven": "new-haven",
        "New Mexico": "new-mexico",
        "New Mexico St.": "new-mexico-state",
        "New Mexico State": "new-mexico-state",
        "New Orleans": "new-orleans",
        "Niagara": "niagara",
        "Nicholls": "nicholls-state",
        "Nicholls State": "nicholls-state",
        "Norfolk St.": "norfolk-state",
        "Norfolk State": "norfolk-state",
        "North Ala.": "north-alabama",
        "North Alabama": "north-alabama",
        "North Carolina": "north-carolina",
        "North Carolina A&T": "north-carolina-at",
        "North Carolina Central": "north-carolina-central",
        "North Carolina State": "north-carolina-state",
        "North Carolina Wilmington": "unc-wilmington",
        "North Dakota": "north-dakota",
        "North Dakota St.": "north-dakota-state",
        "North Dakota State": "north-dakota-state",
        "North Florida": "north-florida",
        "North Texas": "north-texas",
        "Northeastern": "northeastern",
        "Northern Ariz.": "northern-arizona",
        "Northern Arizona": "northern-arizona",
        "Northern Colo.": "northern-colorado",
        "Northern Colorado": "northern-colorado",
        "Northern Illinois": "northern-illinois",
        "Northern Iowa": "northern-iowa",
        "Northern Kentucky": "northern-kentucky",
        "Northern Ky.": "northern-kentucky",
        "Northwestern": "northwestern",
        "Northwestern St.": "northwestern-state",
        "Northwestern State": "northwestern-state",
        "Notre Dame": "notre-dame",
        "Oakland": "oakland",
        "Ohio": "ohio",
        "Ohio St.": "ohio-state",
        "Ohio State": "ohio-state",
        "Oklahoma": "oklahoma",
        "Oklahoma St.": "oklahoma-state",
        "Oklahoma State": "oklahoma-state",
        "Old Dominion": "old-dominion",
        "Ole Miss": "mississippi",
        "Omaha": "nebraska-omaha",
        "Oral Roberts": "oral-roberts",
        "Oregon": "oregon",
        "Oregon St.": "oregon-state",
        "Oregon State": "oregon-state",
        "Pacific": "pacific",
        "Penn": "pennsylvania",
        "Penn St.": "penn-state",
        "Penn State": "penn-state",
        "Pepperdine": "pepperdine",
        "Pittsburgh": "pittsburgh",
        "Portland": "portland",
        "Portland St.": "portland-state",
        "Portland State": "portland-state",
        "Prairie View": "prairie-view",
        "Prairie View A&M": "prairie-view",
        "Presbyterian": "presbyterian",
        "Princeton": "princeton",
        "Providence": "providence",
        "Purdue": "purdue",
        "Purdue Fort Wayne": "ipfw",
        "Queens": "queens-nc",
        "Queens (NC)": "queens-nc",
        "Queens University": "queens-nc",
        "Queens University (NC)": "queens-nc",
        "Quinnipiac": "quinnipiac",
        "Radford": "radford",
        "Rhode Island": "rhode-island",
        "Rice": "rice",
        "Richmond": "richmond",
        "Rider": "rider",
        "Robert Morris": "robert-morris",
        "Rutgers": "rutgers",
        "SFA": "stephen-f-austin",
        "SIU Edwardsville": "southern-illinois-edwardsville",
        "SIUE": "southern-illinois-edwardsville",
        "SMU": "southern-methodist",
        "Sacramento St.": "sacramento-state",
        "Sacramento State": "sacramento-state",
        "Sacred Heart": "sacred-heart",
        "Saint Francis": "saint-francis-pa",
        "St. Francis(PA)": "saint-francis-pa",
        "St. Francis (PA)": "saint-francis-pa",
        "Saint Joseph's": "saint-josephs",
        "Saint Louis": "saint-louis",
        "Saint Mary's": "saint-marys-ca",
        "Saint Mary's (CA)": "saint-marys-ca",
        "Saint Peter's": "saint-peters",
        "Sam Houston": "sam-houston-state",
        "Samford": "samford",
        "San Diego": "san-diego",
        "San Diego St.": "san-diego-state",
        "San Diego State": "san-diego-state",
        "San Francisco": "san-francisco",
        "San Jose St.": "san-jose-state",
        "San Jose State": "san-jose-state",
        "Santa Clara": "santa-clara",
        "Seattle": "seattle",
        "Seattle U": "seattle",
        "Seton Hall": "seton-hall",
        "Siena": "siena",
        "South Alabama": "south-alabama",
        "South Carolina": "south-carolina",
        "South Carolina St.": "south-carolina-state",
        "South Carolina State": "south-carolina-state",
        "South Dakota": "south-dakota",
        "South Dakota St.": "south-dakota-state",
        "South Dakota State": "south-dakota-state",
        "South Fla.": "south-florida",
        "South Florida": "south-florida",
        "Southeast Missouri State": "southeast-missouri-state",
        "Southeast Mo. St.": "southeast-missouri-state",
        "Southeastern La.": "southeastern-louisiana",
        "Southeastern Louisiana": "southeastern-louisiana",
        "Southern California": "southern-california",
        "Southern Ill.": "southern-illinois",
        "Southern Illinois": "southern-illinois",
        "Southern Ind.": "southern-indiana",
        "Southern Indiana": "southern-indiana",
        "Southern Miss": "southern-mississippi",
        "Southern Miss.": "southern-mississippi",
        "Southern U.": "southern",
        "Southern Utah": "southern-utah",
        "St. Bonaventure": "st-bonaventure",
        "St. John's": "st-johns-ny",
        "St. John's (NY)": "st-johns-ny",
        "St. Thomas": "st-thomas-mn",
        "St. Thomas (MN)": "st-thomas-mn",
        "Stanford": "stanford",
        "Stephen F. Austin": "stephen-f-austin",
        "Stetson": "stetson",
        "Stonehill": "stonehill",
        "Stony Brook": "stony-brook",
        "Syracuse": "syracuse",
        "TCU": "texas-christian",
        "Tarleton St.": "tarleton-state",
        "Tarleton State": "tarleton-state",
        "Temple": "temple",
        "Tennessee": "tennessee",
        "Tennessee St.": "tennessee-state",
        "Tennessee State": "tennessee-state",
        "Tennessee Tech": "tennessee-tech",
        "Tennessee-Martin": "tennessee-martin",
        "Texas": "texas",
        "Texas A&M": "texas-am",
        "Texas Southern": "texas-southern",
        "Texas St.": "texas-state",
        "Texas State": "texas-state",
        "Texas Tech": "texas-tech",
        "Texas-El Paso": "texas-el-paso",
        "Texas-San Antonio": "texas-san-antonio",
        "The Citadel": "citadel",
        "Toledo": "toledo",
        "Towson": "towson",
        "Troy": "troy",
        "Tulane": "tulane",
        "Tulsa": "tulsa",
        "UAB": "alabama-birmingham",
        "UAlbany": "albany-ny",
        "UC Davis": "california-davis",
        "UC Irvine": "california-irvine",
        "UC Riverside": "california-riverside",
        "UC San Diego": "california-san-diego",
        "UC Santa Barbara": "california-santa-barbara",
        "UCF": "central-florida",
        "UCLA": "ucla",
        "UConn": "connecticut",
        "UIC": "illinois-chicago",
        "UIW": "incarnate-word",
        "ULM": "louisiana-monroe",
        "UMBC": "maryland-baltimore-county",
        "UMES": "maryland-eastern-shore",
        "UMKC": "umkc",
        "UMass": "massachusetts",
        "UMass Lowell": "massachusetts-lowell",
        "UNC Asheville": "unc-asheville",
        "UNC Greensboro": "north-carolina-greensboro",
        "UNC Wilmington": "unc-wilmington",
        "UNCW": "unc-wilmington",
        "UNI": "northern-iowa",
        "UNLV": "nevada-las-vegas",
        "USC": "southern-california",
        "USC Upstate": "south-carolina-upstate",
        "UT Arlington": "texas-arlington",
        "UT Martin": "tennessee-martin",
        "UTEP": "texas-el-paso",
        "UT Rio Grande Valley": "texas-pan-american",
        "UTRGV": "texas-pan-american",
        "UTSA": "texas-san-antonio",
        "University at Albany": "albany-ny",
        "Utah": "utah",
        "Utah St.": "utah-state",
        "Utah State": "utah-state",
        "Utah Tech": "dixie-state",
        "Utah Valley": "utah-valley",
        "VCU": "virginia-commonwealth",
        "VMI": "virginia-military-institute",
        "Valparaiso": "valparaiso",
        "Vanderbilt": "vanderbilt",
        "Vermont": "vermont",
        "Villanova": "villanova",
        "Virginia": "virginia",
        "Virginia Commonwealth": "virginia-commonwealth",
        "Virginia Tech": "virginia-tech",
        "Wagner": "wagner",
        "Wake Forest": "wake-forest",
        "Washington": "washington",
        "Washington St.": "washington-state",
        "Washington State": "washington-state",
        "Weber St.": "weber-state",
        "Weber State": "weber-state",
        "West Ga.": "west-georgia",
        "West Georgia": "west-georgia",
        "West Virginia": "west-virginia",
        "Western Caro.": "western-carolina",
        "Western Carolina": "western-carolina",
        "Western Ill.": "western-illinois",
        "Western Illinois": "western-illinois",
        "Western Kentucky": "western-kentucky",
        "Western Ky.": "western-kentucky",
        "Western Mich.": "western-michigan",
        "Western Michigan": "western-michigan",
        "Wichita St.": "wichita-state",
        "Wichita State": "wichita-state",
        "William & Mary": "william-mary",
        "Winthrop": "winthrop",
        "Wisconsin": "wisconsin",
        "Wofford": "wofford",
        "Wright St.": "wright-state",
        "Wright State": "wright-state",
        "Wyoming": "wyoming",
        "Xavier": "xavier",
        "Yale": "yale",
        "Youngstown St.": "youngstown-state",
        "Youngstown State": "youngstown-state"
    }
}